User_ID_Next_month_Activity,Active
ID_4TOXNBGB_Month_5,0
ID_CHFTIP26_Month_5,0
ID_FU5GMWLQ_Month_5,0
ID_254TVBQP_Month_5,0
ID_4ENO2VFE_Month_5,0
ID_R9EPTVJZ_Month_5,0
ID_XM4LWUL7_Month_5,0
ID_GTVKVEUE_Month_5,0
ID_B8NL3YBA_Month_5,0
ID_TT6JG8M7_Month_5,0
ID_D16OZRPM_Month_5,0
ID_6C3YO724_Month_5,0
ID_LWJE2K6Q_Month_5,0
ID_OFICYE9X_Month_5,0
ID_Q2JALW23_Month_5,0
ID_QJJ8J499_Month_5,0
ID_FNB6JNFF_Month_5,0
ID_XD0SYVJV_Month_5,0
ID_URMEMPWE_Month_5,0
ID_8PRIOEAV_Month_5,0
ID_938EZZ0U_Month_5,0
ID_FM2481L2_Month_5,0
ID_25H86A4R_Month_5,0
ID_LH5XN79V_Month_5,0
ID_I75MUTIT_Month_5,0
ID_0I7J6TKH_Month_5,0
ID_1RX0766E_Month_5,0
ID_MRXQT8EG_Month_5,0
ID_14BTWT4B_Month_5,0
ID_ENHZW0RE_Month_5,0
ID_AF9MKNMM_Month_5,0
ID_5DST4KXN_Month_5,0
ID_1NN43K18_Month_5,0
ID_3WPSRWUR_Month_5,0
ID_AKCW8NHY_Month_5,0
ID_ZFN2QWUD_Month_5,0
ID_RV3N0YO7_Month_5,0
ID_1NG9BESK_Month_5,0
ID_9KCTFNR4_Month_5,0
ID_H8CQZGBG_Month_5,0
ID_CWMV1KRE_Month_5,0
ID_YLUQF230_Month_5,0
ID_CBRDD06U_Month_5,0
ID_LF5TSYCQ_Month_5,0
ID_CZR2H51O_Month_5,0
ID_HJOSXL99_Month_5,0
ID_I1E5Q4RR_Month_5,0
ID_12BX0AO4_Month_5,0
ID_BI5MM52L_Month_5,0
ID_BDVKYO9D_Month_5,0
ID_AS86YZ4O_Month_5,0
ID_ATXB4Q6J_Month_5,0
ID_CMBQL60L_Month_5,0
ID_CD8NO54Q_Month_5,0
ID_P0ZB7MFE_Month_5,0
ID_EDJF1U4G_Month_5,0
ID_XB8F2K89_Month_5,0
ID_1WWFX50X_Month_5,0
ID_UAON3JD6_Month_5,0
ID_S6ILJ493_Month_5,0
ID_HBK6KBH3_Month_5,0
ID_BBLI3KDX_Month_5,0
ID_K87MYV25_Month_5,0
ID_8P0DOUV7_Month_5,0
ID_D85872UY_Month_5,0
ID_TC3AZN8Q_Month_5,0
ID_75NT16A7_Month_5,0
ID_N31G4ZP8_Month_5,0
ID_BJE0MYLV_Month_5,0
ID_GFTNGHPT_Month_5,0
ID_XH44D2JV_Month_5,0
ID_QT4YA0NA_Month_5,0
ID_UTJXW5MO_Month_5,0
ID_9F6QU0OA_Month_5,0
ID_SIUMXFB4_Month_5,0
ID_A1JA0DJJ_Month_5,0
ID_32O9ZEII_Month_5,0
ID_4PHQTLAM_Month_5,0
ID_AU97VBQQ_Month_5,0
ID_OCRAPUF4_Month_5,0
ID_VESB0M49_Month_5,0
ID_8GWH2GDZ_Month_5,0
ID_NRA8FELT_Month_5,0
ID_6CC5HC00_Month_5,0
ID_6AICLAQU_Month_5,0
ID_LN5JRQ2E_Month_5,0
ID_7Q9L0LOZ_Month_5,0
ID_23XE2FVI_Month_5,0
ID_YZEBGMCF_Month_5,0
ID_C0EGB1VH_Month_5,0
ID_3O2WJBO1_Month_5,0
ID_PSUKC52T_Month_5,0
ID_DSFHHPD5_Month_5,0
ID_HMEUTN33_Month_5,0
ID_P9ITT9HH_Month_5,0
ID_Q5AOMJHR_Month_5,0
ID_AV1EA0UV_Month_5,0
ID_W3AAC8TL_Month_5,0
ID_X499XE4N_Month_5,0
ID_QBS8TN3K_Month_5,0
ID_4IQH66LC_Month_5,0
ID_8B7ENE61_Month_5,0
ID_SJHQXHBF_Month_5,0
ID_U4CJB0XX_Month_5,0
ID_9TM3VV69_Month_5,0
ID_GEXXOL11_Month_5,0
ID_SYQRAB7T_Month_5,0
ID_31N6J816_Month_5,0
ID_KWDF4386_Month_5,0
ID_H0T8R1TQ_Month_5,0
ID_5X5X4UZU_Month_5,0
ID_32JE6LU9_Month_5,0
ID_7Q9WBLHU_Month_5,0
ID_C71F52NG_Month_5,0
ID_QL4YYL0B_Month_5,0
ID_BIY5GQ45_Month_5,0
ID_ZA3MUIEZ_Month_5,0
ID_3ROJRM7D_Month_5,0
ID_98W3IL6F_Month_5,0
ID_AE7DHBO0_Month_5,0
ID_TS7JLCUU_Month_5,0
ID_GY8ATVUY_Month_5,0
ID_676F1YC1_Month_5,0
ID_863WW186_Month_5,0
ID_39C3TF3Z_Month_5,0
ID_76R4HMYJ_Month_5,0
ID_XYU8KI0L_Month_5,0
ID_PUCEJG0V_Month_5,0
ID_N0S95SQ9_Month_5,0
ID_AMT0N1LN_Month_5,0
ID_KJ7NFX8D_Month_5,0
ID_61V0FLAG_Month_5,0
ID_HG6CIG32_Month_5,0
ID_QEBDG2RL_Month_5,0
ID_YPA3RDEV_Month_5,0
ID_YNN5CLA4_Month_5,0
ID_IZST33SN_Month_5,0
ID_7UWE1KNF_Month_5,0
ID_5YZ0AFYC_Month_5,0
ID_6398WKL5_Month_5,0
ID_JIYDUWUV_Month_5,0
ID_FXBKKQ4X_Month_5,0
ID_1R0CI1FL_Month_5,0
ID_CYPRXF8H_Month_5,0
ID_F5HGKVPC_Month_5,0
ID_B2EI2KYL_Month_5,0
ID_F6GL48EF_Month_5,0
ID_ERHJ6365_Month_5,0
ID_4443ZK0K_Month_5,0
ID_GR7HLQ2K_Month_5,0
ID_F532DFJT_Month_5,0
ID_6Z5MYCV9_Month_5,0
ID_P6VXQ6E9_Month_5,0
ID_O8RP69TR_Month_5,0
ID_L0JPPRRW_Month_5,0
ID_FI30XPFH_Month_5,0
ID_J41LD9JW_Month_5,0
ID_Z3AX8JKC_Month_5,0
ID_MOYO2T1P_Month_5,0
ID_AQX2OJFB_Month_5,0
ID_M4ZZ65I1_Month_5,0
ID_5JLUO5QF_Month_5,0
ID_G7K8L66E_Month_5,0
ID_5WMY7INX_Month_5,0
ID_AIC0Q198_Month_5,0
ID_QXEHHTAI_Month_5,0
ID_2FRY7CDK_Month_5,0
ID_IUSVXVSS_Month_5,0
ID_HPV2LJ57_Month_5,0
ID_SRV5ERN4_Month_5,0
ID_XU77KO24_Month_5,0
ID_UKVUC0R3_Month_5,0
ID_PUQY6EF1_Month_5,0
ID_1WQX3ER7_Month_5,0
ID_FQOHXJXZ_Month_5,0
ID_4R9HKJ8C_Month_5,0
ID_5FZN2LX3_Month_5,0
ID_1MDHMEXB_Month_5,0
ID_29STV05J_Month_5,0
ID_3TVB1I4J_Month_5,0
ID_GS03UEEX_Month_5,0
ID_D7L0C2OT_Month_5,0
ID_KD6IFTVY_Month_5,0
ID_2SOUAJ0X_Month_5,0
ID_GKXGKAP8_Month_5,0
ID_MTDCUKWC_Month_5,0
ID_8O61WMAA_Month_5,0
ID_3HVWPME6_Month_5,0
ID_SWB7HDNQ_Month_5,0
ID_XG9LA73D_Month_5,0
ID_CGMA0RGP_Month_5,0
ID_ZUVTLGY7_Month_5,0
ID_CS7F1EEK_Month_5,0
ID_Q6EP5QJT_Month_5,0
ID_7ORROSYC_Month_5,0
ID_YSN9N7RP_Month_5,0
ID_FTN10E3Y_Month_5,0
ID_48DUARE9_Month_5,0
ID_5U5SC6E1_Month_5,0
ID_6U20JUPW_Month_5,0
ID_AEVTL8NZ_Month_5,0
ID_FLOJKYU2_Month_5,0
ID_T51I00H1_Month_5,0
ID_ENPC3PW0_Month_5,0
ID_6EL5MJA2_Month_5,0
ID_4NTUJFFO_Month_5,0
ID_D8YKTFVO_Month_5,0
ID_OPSC6E7W_Month_5,0
ID_CWHGRTV5_Month_5,0
ID_BFVKNB7E_Month_5,0
ID_KTIGWUO3_Month_5,0
ID_QOSMOHFH_Month_5,0
ID_LMLNI3V0_Month_5,0
ID_2N8P1WEJ_Month_5,0
ID_DIHPPIWQ_Month_5,0
ID_SHT3ELYW_Month_5,0
ID_0Y48DWVD_Month_5,0
ID_UXR6F1B8_Month_5,0
ID_FOEKYGMT_Month_5,0
ID_A2VKPHHI_Month_5,0
ID_9RPH4JMM_Month_5,0
ID_028JJTDW_Month_5,0
ID_3MX565D3_Month_5,0
ID_RCHJ8V2A_Month_5,0
ID_UQQUUSUJ_Month_5,0
ID_8B2XT5YB_Month_5,0
ID_C104VSR9_Month_5,0
ID_FUKH35DS_Month_5,0
ID_9JLLCWT7_Month_5,0
ID_G14XIEWL_Month_5,0
ID_41FIO5Y8_Month_5,0
ID_4EU41J6K_Month_5,0
ID_IDVLFCHW_Month_5,0
ID_RHN8KYCT_Month_5,0
ID_DSUUX561_Month_5,0
ID_CP8CQ5IK_Month_5,0
ID_5BCR0LOJ_Month_5,0
ID_K5K97NHQ_Month_5,0
ID_LFTA0A1Z_Month_5,0
ID_MHOR9Q0Y_Month_5,0
ID_SYFU9745_Month_5,0
ID_AG28OLFA_Month_5,0
ID_FTMYL59Z_Month_5,0
ID_GM9OGOLE_Month_5,0
ID_Q55WKUSE_Month_5,0
ID_WEG5S5Y3_Month_5,0
ID_2OMCFIWQ_Month_5,0
ID_CARRDGST_Month_5,0
ID_0XCISAKL_Month_5,0
ID_PF85GU6A_Month_5,0
ID_LB4X6C7U_Month_5,0
ID_YQTTU97N_Month_5,0
ID_3VDVJUV7_Month_5,0
ID_8JIBWCR3_Month_5,0
ID_332HK7DL_Month_5,0
ID_TK25NAZ7_Month_5,0
ID_KS0JAIRO_Month_5,0
ID_CBS0LY1S_Month_5,0
ID_ZZMHNLNT_Month_5,0
ID_R7MO4D6G_Month_5,0
ID_BEQJDTCM_Month_5,0
ID_3CU38S42_Month_5,0
ID_VU040KF4_Month_5,0
ID_XNOJ6QOV_Month_5,0
ID_XZC36UNL_Month_5,0
ID_FIBZA3B3_Month_5,0
ID_MBJN04MI_Month_5,0
ID_2JCN9USK_Month_5,0
ID_94E1O094_Month_5,0
ID_E2HXX5M2_Month_5,0
ID_VHTEL7C8_Month_5,0
ID_RW8VX86B_Month_5,0
ID_BWW0KHMG_Month_5,0
ID_UCW7752U_Month_5,0
ID_OYVYQGUL_Month_5,0
ID_CXHZFD8I_Month_5,0
ID_04GIS1QZ_Month_5,0
ID_FHJVIR8D_Month_5,0
ID_GUONLH9U_Month_5,0
ID_4YIDQWXC_Month_5,0
ID_MZJQFSFF_Month_5,0
ID_F0Q5KXJO_Month_5,0
ID_0PEXAXTE_Month_5,0
ID_PG6JQEKR_Month_5,0
ID_6RCILKW6_Month_5,0
ID_ZBJRPV8P_Month_5,0
ID_N0LW9SI1_Month_5,0
ID_MHZNXQED_Month_5,0
ID_99LRGQMS_Month_5,0
ID_UC97UFDL_Month_5,0
ID_DCF3UEDV_Month_5,0
ID_KS1Y8B9G_Month_5,0
ID_IUFSS7J8_Month_5,0
ID_8DUKV38Y_Month_5,0
ID_191K5IY6_Month_5,0
ID_6A5AP7OS_Month_5,0
ID_FYS5VEOP_Month_5,0
ID_YYYFPEVI_Month_5,0
ID_42XELPAK_Month_5,0
ID_2EIVAHU0_Month_5,0
ID_XNARXHIM_Month_5,0
ID_JH5WRZTT_Month_5,0
ID_8IL6ENQZ_Month_5,0
ID_MW7W034B_Month_5,0
ID_G5Y0ZN2B_Month_5,0
ID_GK3W2UTN_Month_5,0
ID_T221MYDT_Month_5,0
ID_0QPF6Q8V_Month_5,0
ID_WCRV62BG_Month_5,0
ID_XPYPCSB8_Month_5,0
ID_NBLRG5WA_Month_5,0
ID_HHNXN9Z6_Month_5,0
ID_QOYK96YP_Month_5,0
ID_OPHUXQXO_Month_5,0
ID_05LLKT7G_Month_5,0
ID_H4MA8YJ3_Month_5,0
ID_9XAT48FZ_Month_5,0
ID_Z78WJDUB_Month_5,0
ID_BV2JPI02_Month_5,0
ID_2SVIATVP_Month_5,0
ID_BOSKX74Q_Month_5,0
ID_JO5QFV40_Month_5,0
ID_FVAGS0CI_Month_5,0
ID_MDS0HXS9_Month_5,0
ID_DT9RDRX6_Month_5,0
ID_R7PMMANF_Month_5,0
ID_E9XQZKQP_Month_5,0
ID_ND05RC7W_Month_5,0
ID_T62NM9S8_Month_5,0
ID_3Z4TY9ZB_Month_5,0
ID_R8G5DBCJ_Month_5,0
ID_1GTLDFUL_Month_5,0
ID_QFGOTNAC_Month_5,0
ID_ZCIE3QEA_Month_5,0
ID_9OWGXSJU_Month_5,0
ID_DR1XPSY6_Month_5,0
ID_I2SGJT17_Month_5,0
ID_78ZB63JC_Month_5,0
ID_JI20KUI7_Month_5,0
ID_XFDG6JOE_Month_5,0
ID_E1TLENVS_Month_5,0
ID_ON9MC51T_Month_5,0
ID_8ZS7RC2F_Month_5,0
ID_0GKC20W2_Month_5,0
ID_VWDZ183X_Month_5,0
ID_Y6GFXSET_Month_5,0
ID_1AR75HW7_Month_5,0
ID_I7DLC8UT_Month_5,0
ID_YQYHS1WB_Month_5,0
ID_RBY3R7NG_Month_5,0
ID_Z113K1IJ_Month_5,0
ID_V582GGQM_Month_5,0
ID_XGVVKRZO_Month_5,0
ID_F1APGKT1_Month_5,0
ID_7AI1TECT_Month_5,0
ID_QGY62Y9Z_Month_5,0
ID_W7ATAOUK_Month_5,0
ID_AFX6X01H_Month_5,0
ID_SLGSKL5O_Month_5,0
ID_ZMF9J3ZV_Month_5,0
ID_I5FYBDRX_Month_5,0
ID_8JJCQTJS_Month_5,0
ID_EK4YHE7N_Month_5,0
ID_AHIDFVS3_Month_5,0
ID_Y4N62G9T_Month_5,0
ID_NAN9H16X_Month_5,0
ID_QB7F5IDW_Month_5,0
ID_8NMH9GBA_Month_5,0
ID_TNBL18A9_Month_5,0
ID_DY8ZN9TR_Month_5,0
ID_P7HOA7CL_Month_5,0
ID_YCUNTX0P_Month_5,0
ID_SI67MLLX_Month_5,0
ID_VAUZ3YJS_Month_5,0
ID_4IRZSS7J_Month_5,0
ID_N8EY30XQ_Month_5,0
ID_WNTH8A02_Month_5,0
ID_OCDYMMC7_Month_5,0
ID_F8WTJUL0_Month_5,0
ID_PZKXYUZP_Month_5,0
ID_1CY5JAGU_Month_5,0
ID_DX005JNM_Month_5,0
ID_G4ZRNFDH_Month_5,0
ID_808OO2RT_Month_5,0
ID_0TD2K7VV_Month_5,0
ID_BGZO0PTI_Month_5,0
ID_8FO37P5P_Month_5,0
ID_C4T3XFHS_Month_5,0
ID_YMJOY109_Month_5,0
ID_3YIFAN0N_Month_5,0
ID_KOKYAHJ2_Month_5,0
ID_PQUTXBYH_Month_5,0
ID_WT7CSOWX_Month_5,0
ID_5P1GCL84_Month_5,0
ID_84I5YJF4_Month_5,0
ID_M9SYJHTP_Month_5,0
ID_4X1W41HL_Month_5,0
ID_XZU08MB9_Month_5,0
ID_9B2RLZ38_Month_5,0
ID_UUYR87IO_Month_5,0
ID_5A0U06X4_Month_5,0
ID_EYY9III9_Month_5,0
ID_HW1QYU7W_Month_5,0
ID_E2HNN8YC_Month_5,0
ID_ZA94RR7D_Month_5,0
ID_KNOXYJFT_Month_5,0
ID_YP9R612P_Month_5,0
ID_U41XD9DQ_Month_5,0
ID_OVF11I5B_Month_5,0
ID_51ABK2JB_Month_5,0
ID_L710VPRM_Month_5,0
ID_G7YBQWI9_Month_5,0
ID_K8YP1IGT_Month_5,0
ID_QCS4RHYY_Month_5,0
ID_ZB67S9JC_Month_5,0
ID_LS6XVK4E_Month_5,0
ID_F482ZHLZ_Month_5,0
ID_6SUUN7GW_Month_5,0
ID_NW3R9CMI_Month_5,0
ID_ALQBIVHC_Month_5,0
ID_777ALR6X_Month_5,0
ID_NSYOJCUM_Month_5,0
ID_2G5H7HRY_Month_5,0
ID_8KJ8VCGU_Month_5,0
ID_J8VFPO8C_Month_5,0
ID_GFNYPLY2_Month_5,0
ID_DQ4S5LW5_Month_5,0
ID_1ED1DG8J_Month_5,0
ID_E7N1ZV5Z_Month_5,0
ID_JNLEV28R_Month_5,0
ID_M2NEF3RB_Month_5,0
ID_3OYBMTC6_Month_5,0
ID_04OT901K_Month_5,0
ID_75XPFK9L_Month_5,0
ID_6B70DZOC_Month_5,0
ID_XY1XBPUP_Month_5,0
ID_30BCT0YK_Month_5,0
ID_AJF8RNPY_Month_5,0
ID_5TD82MSO_Month_5,0
ID_SZ7QOQWA_Month_5,0
ID_XP2YTPER_Month_5,0
ID_S6YH49XA_Month_5,0
ID_AO7FC8RK_Month_5,0
ID_DS1SHL9H_Month_5,0
ID_4A58KPTH_Month_5,0
ID_3JBEYA2D_Month_5,0
ID_9VD9K1N0_Month_5,0
ID_E8IG6XF8_Month_5,0
ID_STRBY2RP_Month_5,0
ID_RV8EP6C7_Month_5,0
ID_TI67GFQG_Month_5,0
ID_J55FKTZT_Month_5,0
ID_W13HI5UN_Month_5,0
ID_VO5JQYJ1_Month_5,0
ID_UROM5TE6_Month_5,0
ID_7L94ARLU_Month_5,0
ID_G7WPZAKD_Month_5,0
ID_5MCCS0CT_Month_5,0
ID_CXPERAA4_Month_5,0
ID_H5EDS96X_Month_5,0
ID_UK0S307D_Month_5,0
ID_VG3ZEYUN_Month_5,0
ID_96FS7PAE_Month_5,0
ID_KWE4ANV5_Month_5,0
ID_XS1XZRMC_Month_5,0
ID_EOYPHL15_Month_5,0
ID_GLKUCNJ9_Month_5,0
ID_Z9WZBQ0N_Month_5,0
ID_MBEMQAU8_Month_5,0
ID_1Z7TRFAH_Month_5,0
ID_OTRDXJV7_Month_5,0
ID_N5IKONOF_Month_5,0
ID_LVXG7ZLU_Month_5,0
ID_N2ECHAP0_Month_5,0
ID_X1MI1GZF_Month_5,0
ID_WHYNCY51_Month_5,0
ID_GLBSA5BG_Month_5,0
ID_Q5KYX6BU_Month_5,0
ID_N24UY490_Month_5,0
ID_7Y58ZYRQ_Month_5,0
ID_FQKN4YDQ_Month_5,0
ID_8G5MPG0D_Month_5,0
ID_NTCQ590N_Month_5,0
ID_K78G79R5_Month_5,0
ID_DQQWY8M0_Month_5,0
ID_DTVUBZQ2_Month_5,0
ID_8BTO4UWC_Month_5,0
ID_7EKTNTXT_Month_5,0
ID_IJMM5RSL_Month_5,0
ID_VBQZKIVQ_Month_5,0
ID_HJ8CPUD9_Month_5,0
ID_E35SYC9L_Month_5,0
ID_5CQ3GVLR_Month_5,0
ID_TLYYCKZO_Month_5,0
ID_ALXCBUA1_Month_5,0
ID_BQ9S485I_Month_5,0
ID_D5I1M68U_Month_5,0
ID_LY43TXLU_Month_5,0
ID_84V7Q3A6_Month_5,0
ID_CSBZJ6MH_Month_5,0
ID_AHDD6AAO_Month_5,0
ID_7M1FGZS9_Month_5,0
ID_1PSAAITO_Month_5,0
ID_TZ26FHCU_Month_5,0
ID_J83A0S5Y_Month_5,0
ID_ENK509O5_Month_5,0
ID_PEUBE4FT_Month_5,0
ID_I2SQ648W_Month_5,0
ID_YDDKLWG5_Month_5,0
ID_7QMWUSYZ_Month_5,0
ID_HY15CK01_Month_5,0
ID_XKACHNUY_Month_5,0
ID_JCLR7KLR_Month_5,0
ID_Q6FDD5R2_Month_5,0
ID_VPUFVBXR_Month_5,0
ID_K4QQODPG_Month_5,0
ID_C4LO7B05_Month_5,0
ID_RH4D46WZ_Month_5,0
ID_7ZS8RHRM_Month_5,0
ID_IMQJ6YE7_Month_5,0
ID_YZABMO8Y_Month_5,0
ID_M3R186W5_Month_5,0
ID_4VCDHELW_Month_5,0
ID_ACHNWHEA_Month_5,0
ID_3DAJMW97_Month_5,0
ID_4YZX4953_Month_5,0
ID_NMFN5YAC_Month_5,0
ID_XQP0K56T_Month_5,0
ID_G4PIU6QQ_Month_5,0
ID_8AZZ09HV_Month_5,0
ID_VM7LXJ20_Month_5,0
ID_2D29C5JB_Month_5,0
ID_MC1XRJN1_Month_5,0
ID_M1NG4XTO_Month_5,0
ID_7GXHFWNO_Month_5,0
ID_U76KFOJC_Month_5,0
ID_NWWAQV4U_Month_5,0
ID_VWEZDOGL_Month_5,0
ID_EO4HL3X5_Month_5,0
ID_YJ8SDVAW_Month_5,0
ID_SWBOEIYH_Month_5,0
ID_ES0Z8PS1_Month_5,0
ID_4YP2SII5_Month_5,0
ID_UYCUV8Q9_Month_5,0
ID_AS8OFTH1_Month_5,0
ID_X4ZR2G0J_Month_5,0
ID_EEXRAWO9_Month_5,0
ID_V3RHDMYA_Month_5,0
ID_ZC1JH5LO_Month_5,0
ID_61N3RA1N_Month_5,0
ID_VYAE10S9_Month_5,0
ID_7JYIX1SK_Month_5,0
ID_7PU38XWW_Month_5,0
ID_Y69KFS7Q_Month_5,0
ID_L2TVWVQW_Month_5,0
ID_6RWBGOM0_Month_5,0
ID_CB9OSEHH_Month_5,0
ID_MSUIUZGP_Month_5,0
ID_OJ1YGE4U_Month_5,0
ID_4ZNV6I1F_Month_5,0
ID_US6Y1TKT_Month_5,0
ID_4XZEZAPW_Month_5,0
ID_2YXKSD1Q_Month_5,0
ID_QFSPK5CC_Month_5,0
ID_7DNDFRTQ_Month_5,0
ID_I09B5SAE_Month_5,0
ID_EWPEV2NR_Month_5,0
ID_1DH1NOC6_Month_5,0
ID_EHP2KXT2_Month_5,0
ID_5FTV5FR5_Month_5,0
ID_LF8WJI44_Month_5,0
ID_7JLOJL9S_Month_5,0
ID_OG36VMUP_Month_5,0
ID_N5QEDD73_Month_5,0
ID_PD2GNGO4_Month_5,0
ID_E1EZ298V_Month_5,0
ID_6LAB5TJB_Month_5,0
ID_UM7R02VU_Month_5,0
ID_5QC922AC_Month_5,0
ID_9BEJLOBR_Month_5,0
ID_KKPEBH1F_Month_5,0
ID_363UFUVW_Month_5,0
ID_MV6YCGIW_Month_5,0
ID_86746YDV_Month_5,0
ID_4KRLWURP_Month_5,0
ID_KUFBX8LY_Month_5,0
ID_ARFBRZCE_Month_5,0
ID_GIVPV30J_Month_5,0
ID_YPMHLML0_Month_5,0
ID_QRAABRMI_Month_5,0
ID_HO8HC4JX_Month_5,0
ID_2G6D1VTA_Month_5,0
ID_F3TZ91RY_Month_5,0
ID_9ZXC39QZ_Month_5,0
ID_9OP8CSMW_Month_5,0
ID_YLYL0I2C_Month_5,0
ID_EUNS9GMG_Month_5,0
ID_N312LI53_Month_5,0
ID_V1ZUU3PH_Month_5,0
ID_JGI9SU6R_Month_5,0
ID_B0CW4KSA_Month_5,0
ID_HBUJVJKY_Month_5,0
ID_MNKFW1PO_Month_5,0
ID_2JSFQRQ8_Month_5,0
ID_L2HIUPXV_Month_5,0
ID_RUYHF2K4_Month_5,0
ID_L06YP3CG_Month_5,0
ID_YV46P9OZ_Month_5,0
ID_9DBP7ZXG_Month_5,0
ID_I3QPXAYS_Month_5,0
ID_Q11DJEVY_Month_5,0
ID_04PFZ8EZ_Month_5,0
ID_NESJWPEF_Month_5,0
ID_XL57ETTH_Month_5,0
ID_76WTO667_Month_5,0
ID_420WW55P_Month_5,0
ID_MLHQYQQJ_Month_5,0
ID_L1QSQKK0_Month_5,0
ID_XR17QC5Y_Month_5,0
ID_KE4RWI8W_Month_5,0
ID_1ZWFDDBP_Month_5,0
ID_3AH5OCFL_Month_5,0
ID_TZY6RFNA_Month_5,0
ID_5VK18J66_Month_5,0
ID_NG7QEMLS_Month_5,0
ID_CGLLZ5WK_Month_5,0
ID_43FVK82C_Month_5,0
ID_SZAFM7FF_Month_5,0
ID_CEBZT6F1_Month_5,0
ID_HDK70REQ_Month_5,0
ID_SFSJWE9P_Month_5,0
ID_N4M13R2K_Month_5,0
ID_2GNKM9G5_Month_5,0
ID_J0ZARDRZ_Month_5,0
ID_79LAOQ1A_Month_5,0
ID_DJ7WREN1_Month_5,0
ID_QVAWTCXV_Month_5,0
ID_C5GJZXCT_Month_5,0
ID_BU1Q30E3_Month_5,0
ID_7I3GDZVS_Month_5,0
ID_0XWMDX1L_Month_5,0
ID_WTNUBCKT_Month_5,0
ID_2ZM23WBM_Month_5,0
ID_X1BVX5SP_Month_5,0
ID_L25FHAUM_Month_5,0
ID_F5F9LUUN_Month_5,0
ID_BABOH1EP_Month_5,0
ID_AHDV09WH_Month_5,0
ID_IQM11FX0_Month_5,0
ID_ANGPT0HL_Month_5,0
ID_8FGABM1W_Month_5,0
ID_8LRK77YX_Month_5,0
ID_83I8XCE9_Month_5,0
ID_9SWBFJ5T_Month_5,0
ID_GTZM0SZO_Month_5,0
ID_16JFL1PK_Month_5,0
ID_1XDLNF7N_Month_5,0
ID_EDV65YYM_Month_5,0
ID_F4JRWGHE_Month_5,0
ID_XXTS7FUX_Month_5,0
ID_RQJL7XUV_Month_5,0
ID_3TYW7IZ0_Month_5,0
ID_LVA6HAGU_Month_5,0
ID_2LBYPUU1_Month_5,0
ID_2B3B59AS_Month_5,0
ID_FS2NHRAI_Month_5,0
ID_ZT27LY0Q_Month_5,0
ID_XWLNUFQZ_Month_5,0
ID_OBGOYHEX_Month_5,0
ID_D99PIX0K_Month_5,0
ID_60139RGR_Month_5,0
ID_FUAVOWKI_Month_5,0
ID_OLUH2O8X_Month_5,0
ID_UQ3KR6OT_Month_5,0
ID_PTBI02P0_Month_5,0
ID_K30FX62X_Month_5,0
ID_5JLSVG3H_Month_5,0
ID_C0UE3H0Y_Month_5,0
ID_ALKTKYMU_Month_5,0
ID_GUH90ZGB_Month_5,0
ID_20Z8RQFW_Month_5,0
ID_ON6UEFBW_Month_5,0
ID_FRPEE96X_Month_5,0
ID_NWU71502_Month_5,0
ID_8FEUBZQ8_Month_5,0
ID_SW7JAVCD_Month_5,0
ID_VXZUXCSK_Month_5,0
ID_WYT9ACPC_Month_5,0
ID_H3V4YRQH_Month_5,0
ID_P1V5AMS6_Month_5,0
ID_TXUSRW0U_Month_5,0
ID_JKD8QQYV_Month_5,0
ID_24VT099Q_Month_5,0
ID_QRG3KRD8_Month_5,0
ID_M6BNOD25_Month_5,0
ID_5MFLWIWM_Month_5,0
ID_1ZLYH5AY_Month_5,0
ID_657KWRV1_Month_5,0
ID_NME0XONS_Month_5,0
ID_34TKE5A6_Month_5,0
ID_T9CP8XYA_Month_5,0
ID_W3QP4HL6_Month_5,0
ID_4ZK0HDOY_Month_5,0
ID_10CM2KKX_Month_5,0
ID_5SD5YEUB_Month_5,0
ID_OX9HS8I5_Month_5,0
ID_SDPLUKX4_Month_5,0
ID_HL8H2N6V_Month_5,0
ID_0WGT7WA4_Month_5,0
ID_WVBYHZ8N_Month_5,0
ID_UR2W4PN4_Month_5,0
ID_W05Y5EXZ_Month_5,0
ID_J8C5W8EF_Month_5,0
ID_4J2EC9VB_Month_5,0
ID_E7MXTOEL_Month_5,0
ID_WIASL75J_Month_5,0
ID_L7T13X8W_Month_5,0
ID_YRG4TT4N_Month_5,0
ID_GSZMNENE_Month_5,0
ID_OPBY1QUM_Month_5,0
ID_HZAF1ORW_Month_5,0
ID_I7T6LPJM_Month_5,0
ID_QUFQPCY9_Month_5,0
ID_OA16QGUP_Month_5,0
ID_LZQOWLQV_Month_5,0
ID_OYU12M8A_Month_5,0
ID_K654WKUE_Month_5,0
ID_NKRXKO9S_Month_5,0
ID_PCO62KZ4_Month_5,0
ID_D56KB8WI_Month_5,0
ID_F8NMZGHU_Month_5,0
ID_IQNW6GZ5_Month_5,0
ID_HKKQOIXD_Month_5,0
ID_RCT3U964_Month_5,0
ID_CJKAYZ5Z_Month_5,0
ID_CZIQZ3W4_Month_5,0
ID_RF48YEUS_Month_5,0
ID_7VWU60VI_Month_5,0
ID_65L8R8W0_Month_5,0
ID_8C67U708_Month_5,0
ID_N2LH3FJS_Month_5,0
ID_S8QAR2GS_Month_5,0
ID_TFBGJ8QS_Month_5,0
ID_VNJ7XY9G_Month_5,0
ID_YZI5UD3M_Month_5,0
ID_7MOGWD5I_Month_5,0
ID_KKT21L7K_Month_5,0
ID_E0VU05W5_Month_5,0
ID_ILCHUOII_Month_5,0
ID_0P9QVMWP_Month_5,0
ID_Z3JY7E16_Month_5,0
ID_10ZYSNRN_Month_5,0
ID_Q9ZVIB9H_Month_5,0
ID_LIKY9B8Q_Month_5,0
ID_QYQ67BO4_Month_5,0
ID_1F9RPRNO_Month_5,0
ID_IXQE9235_Month_5,0
ID_FIVIIS6Q_Month_5,0
ID_RSYBV0YC_Month_5,0
ID_QDJ6MFE9_Month_5,0
ID_3SHWEW93_Month_5,0
ID_CFBF2U93_Month_5,0
ID_AMHYTYD2_Month_5,0
ID_09VNZYNC_Month_5,0
ID_S9C0HJQG_Month_5,0
ID_5TTRXIBK_Month_5,0
ID_FTZ49R8Q_Month_5,0
ID_5WN0IWQP_Month_5,0
ID_4FGTJQUD_Month_5,0
ID_CWYLA2YL_Month_5,0
ID_Q71GJC58_Month_5,0
ID_BGHAA6PW_Month_5,0
ID_TDWETOFX_Month_5,0
ID_4VZMXWJS_Month_5,0
ID_65OT6NPW_Month_5,0
ID_E6PCJFKC_Month_5,0
ID_JQP4EE1O_Month_5,0
ID_L1IPJRQH_Month_5,0
ID_6HGLYP55_Month_5,0
ID_Q692GLS4_Month_5,0
ID_XBPGZ1TC_Month_5,0
ID_ULC23NWF_Month_5,0
ID_F9PSJK8N_Month_5,0
ID_6I4DZAAW_Month_5,0
ID_3RNQAGF1_Month_5,0
ID_JXYBB5Z1_Month_5,0
ID_IOITWCVS_Month_5,0
ID_DAZKDON1_Month_5,0
ID_40LPUBOA_Month_5,0
ID_GFFHGMMR_Month_5,0
ID_0RFOJNNC_Month_5,0
ID_Z4K83WJE_Month_5,0
ID_4OGC7OJE_Month_5,0
ID_C6ZX0UXA_Month_5,0
ID_U1PV6K98_Month_5,0
ID_YW4FGYBF_Month_5,0
ID_S8QBM278_Month_5,0
ID_74TQK94F_Month_5,0
ID_RXSEM5JF_Month_5,0
ID_MFZ4J5NZ_Month_5,0
ID_HYXXQDAT_Month_5,0
ID_RU160RAG_Month_5,0
ID_1JT8ES9L_Month_5,0
ID_UUXTASVU_Month_5,0
ID_0ZTV3N79_Month_5,0
ID_JT0QBZV9_Month_5,0
ID_2NOOHW4L_Month_5,0
ID_SNW6BVYG_Month_5,0
ID_NI833K4J_Month_5,0
ID_BVVWPXRE_Month_5,0
ID_595QVR5H_Month_5,0
ID_E24DDH2S_Month_5,0
ID_NRMRB6RL_Month_5,0
ID_48R0M1O5_Month_5,0
ID_T6G5Z3N7_Month_5,0
ID_4LMTP9PS_Month_5,0
ID_8LSZCYKD_Month_5,0
ID_R6FZNUB9_Month_5,0
ID_P9YKWVFN_Month_5,0
ID_XRT824SU_Month_5,0
ID_8MEPFJQ6_Month_5,0
ID_BKJF7G82_Month_5,0
ID_5LI1ODPS_Month_5,0
ID_B7N5B7TV_Month_5,0
ID_TK1P9UH0_Month_5,0
ID_XRZOKN1Q_Month_5,0
ID_QDO2RKYJ_Month_5,0
ID_KGOIWOQM_Month_5,0
ID_R9D2TJ2L_Month_5,0
ID_RXIV6TQM_Month_5,0
ID_1I2YTAS9_Month_5,0
ID_XTEGR72A_Month_5,0
ID_8AX7EUCY_Month_5,0
ID_W8MCT8YD_Month_5,0
ID_43NVKW5C_Month_5,0
ID_24VSGVK3_Month_5,0
ID_JCHOO9ZV_Month_5,0
ID_82Q7XSUA_Month_5,0
ID_GC2TLOSB_Month_5,0
ID_O7K125TA_Month_5,0
ID_D6BV83ZP_Month_5,0
ID_ZVWPJ7YQ_Month_5,0
ID_PJ633HPS_Month_5,0
ID_ZMDF8ARY_Month_5,0
ID_AYBTAOKB_Month_5,0
ID_2FM6ZB2I_Month_5,0
ID_XDH7U2RF_Month_5,0
ID_3ZJIC4CD_Month_5,0
ID_W4QOV3EN_Month_5,0
ID_L15XZ21Z_Month_5,0
ID_S3W3VM2W_Month_5,0
ID_VTWGITIF_Month_5,0
ID_T236LQHY_Month_5,0
ID_WCEACQJL_Month_5,0
ID_INVHU3GH_Month_5,0
ID_G2TNSZ08_Month_5,0
ID_P3B83LIZ_Month_5,0
ID_JKV70QCQ_Month_5,0
ID_1Y7ME1HK_Month_5,0
ID_WL23F4VO_Month_5,0
ID_800ZJKIZ_Month_5,0
ID_CRG6PULO_Month_5,0
ID_BA07CXKR_Month_5,0
ID_6RZONDQU_Month_5,0
ID_ZQM6PUGO_Month_5,0
ID_0515GXRL_Month_5,0
ID_0ZTTMU0R_Month_5,0
ID_NPSDW3DM_Month_5,0
ID_U6UYR3ZY_Month_5,0
ID_NYAPWC8R_Month_5,0
ID_FZ6VGKH9_Month_5,0
ID_ED89ZSII_Month_5,0
ID_ZPNYCMS9_Month_5,0
ID_8QTLHX6D_Month_5,0
ID_K6S7BZIR_Month_5,0
ID_ES1DGUHZ_Month_5,0
ID_HLRMGLVG_Month_5,0
ID_W4G1S7RA_Month_5,0
ID_CHO0IKVO_Month_5,0
ID_G26KULD9_Month_5,0
ID_U5U9QW3H_Month_5,0
ID_2ZISW2SN_Month_5,0
ID_TNIY8SHO_Month_5,0
ID_WAVXILN0_Month_5,0
ID_11CVRFHH_Month_5,0
ID_M6JSE1WR_Month_5,0
ID_AAN7J2XE_Month_5,0
ID_70IBMPOX_Month_5,0
ID_PPWNK35Q_Month_5,0
ID_CBYB0G4W_Month_5,0
ID_3BRJHKFY_Month_5,0
ID_EDFBA2YG_Month_5,0
ID_1Z9OHWNL_Month_5,0
ID_9WICE2NZ_Month_5,0
ID_49L929BY_Month_5,0
ID_0M2LXT1A_Month_5,0
ID_AWHTO0TF_Month_5,0
ID_NF29RMXO_Month_5,0
ID_UNL4OUOZ_Month_5,0
ID_JKK24RQL_Month_5,0
ID_A115ZIJD_Month_5,0
ID_5U2KGNJZ_Month_5,0
ID_S7FSK0H4_Month_5,0
ID_FHFGU4HU_Month_5,0
ID_N1AIFUN1_Month_5,0
ID_ZFQYQOK5_Month_5,0
ID_RWJFVPPK_Month_5,0
ID_5MOE6KE5_Month_5,0
ID_QAA6E0U8_Month_5,0
ID_TPC672GR_Month_5,0
ID_J0QJW7WQ_Month_5,0
ID_61O53910_Month_5,0
ID_VJZSGC4O_Month_5,0
ID_EDQ9Z8EQ_Month_5,0
ID_OF22TUDI_Month_5,0
ID_QVXFGFE4_Month_5,0
ID_2CP12QAV_Month_5,0
ID_R22PA5UB_Month_5,0
ID_4QM2Y5SH_Month_5,0
ID_9VJ9BYWS_Month_5,0
ID_MK42I6TI_Month_5,0
ID_9AH69GHO_Month_5,0
ID_62JQJTY9_Month_5,0
ID_7MBCJTK2_Month_5,0
ID_P4OH0M92_Month_5,0
ID_AYCA7LB5_Month_5,0
ID_LSFO9CAR_Month_5,0
ID_OOFYHCME_Month_5,0
ID_283RMNNG_Month_5,0
ID_VQ13TRG4_Month_5,0
ID_DNTWX6QA_Month_5,0
ID_ODGRW21P_Month_5,0
ID_BIS8CDRR_Month_5,0
ID_KKUB5YS6_Month_5,0
ID_WDET43C4_Month_5,0
ID_UDFYIFSJ_Month_5,0
ID_OQV3LB2B_Month_5,0
ID_KYHQZBPC_Month_5,0
ID_KAH8N4EO_Month_5,0
ID_57LCGIQT_Month_5,0
ID_NRAXHPXA_Month_5,0
ID_8ZANPPSE_Month_5,0
ID_YAJ796U7_Month_5,0
ID_RV1HON32_Month_5,0
ID_XQE2TUZA_Month_5,0
ID_MLFYP8UG_Month_5,0
ID_P9QCMEJN_Month_5,0
ID_2TA1YUDJ_Month_5,0
ID_R44J0B6D_Month_5,0
ID_V9KCDAMP_Month_5,0
ID_NHOANVE8_Month_5,0
ID_NS2WO5HA_Month_5,0
ID_XMXTUQS1_Month_5,0
ID_68BK4HBM_Month_5,0
ID_DXGT1B0P_Month_5,0
ID_WKMKNFKQ_Month_5,0
ID_XNAACH3O_Month_5,0
ID_NTFAULZJ_Month_5,0
ID_2FDESNN9_Month_5,0
ID_J56NTG7M_Month_5,0
ID_6HIUOSWI_Month_5,0
ID_JIS24EWG_Month_5,0
ID_6L5LHR2X_Month_5,0
ID_60OMC77A_Month_5,0
ID_NP75ALZ5_Month_5,0
ID_H3N85PJS_Month_5,0
ID_PRS6FCKQ_Month_5,0
ID_6DRMNEX8_Month_5,0
ID_W3LD0KPJ_Month_5,0
ID_EW0LTOU7_Month_5,0
ID_88IGKK0R_Month_5,0
ID_Z9IZ6SZ5_Month_5,0
ID_7841YPEX_Month_5,0
ID_N6P3RUE8_Month_5,0
ID_3W7LBBS9_Month_5,0
ID_8JCW8OTR_Month_5,0
ID_MVNAS8ZQ_Month_5,0
ID_KESEOL0H_Month_5,0
ID_TAVBCAPP_Month_5,0
ID_5UB4C3YS_Month_5,0
ID_8NV1UEKN_Month_5,0
ID_RIQEAOQ5_Month_5,0
ID_T0HA92EU_Month_5,0
ID_7LS3MDFS_Month_5,0
ID_Q42J7VDT_Month_5,0
ID_BKE4JK15_Month_5,0
ID_18YQYV1S_Month_5,0
ID_DVPSC660_Month_5,0
ID_003YJHQA_Month_5,0
ID_QF51J3ZR_Month_5,0
ID_IV9X7SR0_Month_5,0
ID_4Q0ZOMKV_Month_5,0
ID_PKJPF2BW_Month_5,0
ID_FJHMOE1F_Month_5,0
ID_IIMEFD4J_Month_5,0
ID_MVLDFRDO_Month_5,0
ID_KBEG0H6H_Month_5,0
ID_6PE115DJ_Month_5,0
ID_VB8FPDMK_Month_5,0
ID_L87EEE1M_Month_5,0
ID_Z8WURK9E_Month_5,0
ID_VM7861N9_Month_5,0
ID_PIUIOL6M_Month_5,0
ID_9IMB2GX9_Month_5,0
ID_DA28I2PK_Month_5,0
ID_SOSYQMR1_Month_5,0
ID_3EUMAL35_Month_5,0
ID_0T5SOMA5_Month_5,0
ID_A0Z4OLJJ_Month_5,0
ID_OUG4YL6H_Month_5,0
ID_IHMPOZWV_Month_5,0
ID_3DUIAE1O_Month_5,0
ID_1ZORHJL3_Month_5,0
ID_QQFF8S2L_Month_5,0
ID_AIYPUNG5_Month_5,0
ID_3TLPPSHS_Month_5,0
ID_PIYBA76H_Month_5,0
ID_DTCFITPW_Month_5,0
ID_T6PHUMEX_Month_5,0
ID_7DGQND3H_Month_5,0
ID_ZWDD4T41_Month_5,0
ID_J1S1J62I_Month_5,0
ID_P4WUNF6S_Month_5,0
ID_V3PZ5ATM_Month_5,0
ID_AN7U2QVU_Month_5,0
ID_TMOMN5FT_Month_5,0
ID_0S3L3ICK_Month_5,0
ID_AXF88LD1_Month_5,0
ID_WAPWX63S_Month_5,0
ID_5NF1Z7PU_Month_5,0
ID_P3EJK3TT_Month_5,0
ID_KRR4VT40_Month_5,0
ID_ZMYEEUI3_Month_5,0
ID_WTAWV16N_Month_5,0
ID_PI5QDHKF_Month_5,0
ID_64YVBKX1_Month_5,0
ID_2UBRAIWI_Month_5,0
ID_4Z8IPSV0_Month_5,0
ID_8CGOM3QA_Month_5,0
ID_6UJKYYGS_Month_5,0
ID_20J9MCHB_Month_5,0
ID_809707X2_Month_5,0
ID_HH259MWK_Month_5,0
ID_L2R3HWJB_Month_5,0
ID_02F14MDW_Month_5,0
ID_CAHUAY2K_Month_5,0
ID_3Y0ASDZF_Month_5,0
ID_15T10E9Z_Month_5,0
ID_5C73X7JH_Month_5,0
ID_W88X1B2G_Month_5,0
ID_1ZA1HEK5_Month_5,0
ID_LOJS2AOQ_Month_5,0
ID_VDWG70DF_Month_5,0
ID_6GJMAVJH_Month_5,0
ID_JTT6I3XJ_Month_5,0
ID_KQGSKGNG_Month_5,0
ID_Y40PCCG2_Month_5,0
ID_EC2CGL7K_Month_5,0
ID_PANFDU5H_Month_5,0
ID_SXAAMGHD_Month_5,0
ID_X9HJTZ0W_Month_5,0
ID_H60AOKZD_Month_5,0
ID_WX3WW9V2_Month_5,0
ID_N5MRWNMC_Month_5,0
ID_8I7COYK8_Month_5,0
ID_MG6JXG0M_Month_5,0
ID_7UHU8V6Z_Month_5,0
ID_S774ZRDE_Month_5,0
ID_MIXZBBZA_Month_5,0
ID_B7DYBGXD_Month_5,0
ID_QQKVIXF5_Month_5,0
ID_LEKHEVWC_Month_5,0
ID_VRQ6QNW5_Month_5,0
ID_GY3IDY0H_Month_5,0
ID_181BE7VS_Month_5,0
ID_P4YTJUWL_Month_5,0
ID_5ZQH071T_Month_5,0
ID_0KSZ5WQX_Month_5,0
ID_USLSZDAD_Month_5,0
ID_4OI8ZBGG_Month_5,0
ID_J2JH9JV6_Month_5,0
ID_SVNPGFWZ_Month_5,0
ID_J4ZTRF30_Month_5,0
ID_4VZST52R_Month_5,0
ID_525OL9VG_Month_5,0
ID_NQTYAWQG_Month_5,0
ID_EL8Z1JR1_Month_5,0
ID_16A5S0T6_Month_5,0
ID_KU4X5N56_Month_5,0
ID_P8RIZFOR_Month_5,0
ID_4TY33ZYB_Month_5,0
ID_WEPUF7NM_Month_5,0
ID_TYJCCD6P_Month_5,0
ID_MAC0752W_Month_5,0
ID_P8ZO72H4_Month_5,0
ID_CMBHVBSB_Month_5,0
ID_KGAWEMK3_Month_5,0
ID_VBSQQF0P_Month_5,0
ID_E6RQ6GQ1_Month_5,0
ID_TDPTQU7J_Month_5,0
ID_ES4GDNHF_Month_5,0
ID_0L1VD9QS_Month_5,0
ID_X760RUDK_Month_5,0
ID_WCA93M8G_Month_5,0
ID_YXG500EC_Month_5,0
ID_L6WYWZ4Y_Month_5,0
ID_W1CR54MJ_Month_5,0
ID_0KPVALU5_Month_5,0
ID_7V1YDL0F_Month_5,0
ID_AN51LLNR_Month_5,0
ID_6PUTTSE0_Month_5,0
ID_QDL8A9FQ_Month_5,0
ID_RVVYJ5PS_Month_5,0
ID_EE4JO2Z6_Month_5,0
ID_FKGALUGJ_Month_5,0
ID_2HWBWNAD_Month_5,0
ID_4I4FWOZ7_Month_5,0
ID_6GNJLUCR_Month_5,0
ID_G23GVFJH_Month_5,0
ID_KTKX4RRC_Month_5,0
ID_3EJM538W_Month_5,0
ID_SEQWNO1Q_Month_5,0
ID_YLVK3UT1_Month_5,0
ID_DUF9AWSX_Month_5,0
ID_9VI30HZG_Month_5,0
ID_EMLHOUUM_Month_5,0
ID_3LQIO1HU_Month_5,0
ID_M6M49BTK_Month_5,0
ID_RD0Z1464_Month_5,0
ID_B26LFJJ4_Month_5,0
ID_ESZA8K8W_Month_5,0
ID_R6TJUSBE_Month_5,0
ID_2L0AYP3P_Month_5,0
ID_7YVZBUNL_Month_5,0
ID_7LGHERRA_Month_5,0
ID_UBKWBHRA_Month_5,0
ID_LBIENPS4_Month_5,0
ID_6MEVSG8P_Month_5,0
ID_T3NERG4F_Month_5,0
ID_EWUOP63H_Month_5,0
ID_HC6N0QVQ_Month_5,0
ID_2LFXRIFQ_Month_5,0
ID_A4VADC1G_Month_5,0
ID_G9VRW7TJ_Month_5,0
ID_C7FNWJJ1_Month_5,0
ID_GKD1ZN6O_Month_5,0
ID_WHZMHTFI_Month_5,0
ID_3JBCB5NZ_Month_5,0
ID_W4Q3L1XK_Month_5,0
ID_BMQSZEVW_Month_5,0
ID_CBR4BT60_Month_5,0
ID_UUAEMT0S_Month_5,0
ID_Q5KZCZD4_Month_5,0
ID_ELR0CKGC_Month_5,0
ID_22V1HS7U_Month_5,0
ID_KWHW91QY_Month_5,0
ID_QMAA0FHX_Month_5,0
ID_NVD576CS_Month_5,0
ID_1AHQ2K69_Month_5,0
ID_KNZHMLSX_Month_5,0
ID_UIRKUNF6_Month_5,0
ID_SAD4FM9P_Month_5,0
ID_N59HO47N_Month_5,0
ID_4BIJUMYP_Month_5,0
ID_RJN68JKX_Month_5,0
ID_39PBR6FN_Month_5,0
ID_ZZVM2KO7_Month_5,0
ID_VXJSREY0_Month_5,0
ID_OFBP42HC_Month_5,0
ID_4SX6IJJI_Month_5,0
ID_DKSH6V6H_Month_5,0
ID_SLAAO28F_Month_5,0
ID_P4P5JH01_Month_5,0
ID_7535RJ3M_Month_5,0
ID_PAHLZD2Q_Month_5,0
ID_RJV61VJ7_Month_5,0
ID_UFM9Q9YR_Month_5,0
ID_JGJ2XOCT_Month_5,0
ID_JHGZPI0I_Month_5,0
ID_X7UE3L7I_Month_5,0
ID_EBWOQ9UI_Month_5,0
ID_K1MEE9V8_Month_5,0
ID_BLDDW7N5_Month_5,0
ID_DT5MXCC0_Month_5,0
ID_P7Y9O1HH_Month_5,0
ID_TX23VD0S_Month_5,0
ID_GFQYXIRK_Month_5,0
ID_WOKUHDGB_Month_5,0
ID_E2J0CTC3_Month_5,0
ID_9GUYYI2S_Month_5,0
ID_1RKYKM2N_Month_5,0
ID_2B2909UJ_Month_5,0
ID_J3IS9LV2_Month_5,0
ID_AN3ER8VK_Month_5,0
ID_Z41CEV5A_Month_5,0
ID_IHZ4419W_Month_5,0
ID_7AML3DAO_Month_5,0
ID_0S9M9JL0_Month_5,0
ID_21N93G9B_Month_5,0
ID_1S5AT8QI_Month_5,0
ID_J3SCL3EA_Month_5,0
ID_DH5177KL_Month_5,0
ID_Z0JO1L8H_Month_5,0
ID_M0O2REHF_Month_5,0
ID_368RETQ0_Month_5,0
ID_5DAIIW0J_Month_5,0
ID_5L73POM6_Month_5,0
ID_R2Y7NG08_Month_5,0
ID_UHV3EBM5_Month_5,0
ID_89FE9YT4_Month_5,0
ID_U27Z5G4Y_Month_5,0
ID_LUJTB0EY_Month_5,0
ID_CZ758N23_Month_5,0
ID_I2N4CS1U_Month_5,0
ID_B3ZIV7ZN_Month_5,0
ID_K4S5D5LJ_Month_5,0
ID_OCY5M91V_Month_5,0
ID_Q9PGVY8D_Month_5,0
ID_D4RV47PC_Month_5,0
ID_B9H3N6RT_Month_5,0
ID_F50XW0EE_Month_5,0
ID_PM8M3QU9_Month_5,0
ID_LK2XH0M4_Month_5,0
ID_8NJZZBI2_Month_5,0
ID_95ZHIJW7_Month_5,0
ID_774IOMIL_Month_5,0
ID_RHLBATWR_Month_5,0
ID_DHI72K3Y_Month_5,0
ID_38T9EXUY_Month_5,0
ID_TMUU3RJW_Month_5,0
ID_0SDCQ0M6_Month_5,0
ID_89LJ2QZL_Month_5,0
ID_CONM7XNU_Month_5,0
ID_C6Z0Q7BJ_Month_5,0
ID_UPBS6B3X_Month_5,0
ID_2P2FLOYA_Month_5,0
ID_MUID2J0F_Month_5,0
ID_WNY09MZT_Month_5,0
ID_B851HETA_Month_5,0
ID_JS9RG3OZ_Month_5,0
ID_E0HR7O8H_Month_5,0
ID_DV7G1DD5_Month_5,0
ID_GPOE6HKV_Month_5,0
ID_YS4Y5W5O_Month_5,0
ID_B10QS1WD_Month_5,0
ID_KAI5DAUR_Month_5,0
ID_8I5P9LC3_Month_5,0
ID_5RADT57X_Month_5,0
ID_JT5592KA_Month_5,0
ID_KOHUKP3T_Month_5,0
ID_B7P5XIYB_Month_5,0
ID_SFZYBZ7U_Month_5,0
ID_WF02HVZB_Month_5,0
ID_NP53XPQ4_Month_5,0
ID_47G5KZON_Month_5,0
ID_7F7BH0MG_Month_5,0
ID_XMTM5H0E_Month_5,0
ID_N5Q55V6H_Month_5,0
ID_MMV6OTQB_Month_5,0
ID_42B2STK3_Month_5,0
ID_CPPS4TVJ_Month_5,0
ID_SNWB1GI4_Month_5,0
ID_WAMYP7B1_Month_5,0
ID_KA5EQLJE_Month_5,0
ID_OSG83TFD_Month_5,0
ID_ONT1F0VL_Month_5,0
ID_N6CL8XP7_Month_5,0
ID_MFD286BJ_Month_5,0
ID_8VXSGURT_Month_5,0
ID_EDPHAO45_Month_5,0
ID_NNKGDGXG_Month_5,0
ID_4C563MVB_Month_5,0
ID_VGOWLZ4W_Month_5,0
ID_XLH03I72_Month_5,0
ID_DK1AYPTH_Month_5,0
ID_X7YHKW1U_Month_5,0
ID_46DUH5D1_Month_5,0
ID_6KM9VAWX_Month_5,0
ID_1QI72QPO_Month_5,0
ID_691SJBIQ_Month_5,0
ID_EOMLYHOK_Month_5,0
ID_ANYG0XSG_Month_5,0
ID_OAH3SQ98_Month_5,0
ID_GSUHZ4WK_Month_5,0
ID_TPSOBPQV_Month_5,0
ID_SRA9MO9X_Month_5,0
ID_23DINXZM_Month_5,0
ID_FZN5N3U6_Month_5,0
ID_0HT71FDZ_Month_5,0
ID_FAZNNRI4_Month_5,0
ID_R9LULZHR_Month_5,0
ID_TJ1OKSLG_Month_5,0
ID_VFJESQ2A_Month_5,0
ID_K1K1GQ50_Month_5,0
ID_VUSKHPOS_Month_5,0
ID_FG3LCW21_Month_5,0
ID_BB98D84X_Month_5,0
ID_TGM2N531_Month_5,0
ID_GAYX99PK_Month_5,0
ID_5NWY5UE7_Month_5,0
ID_HXUP13TF_Month_5,0
ID_OOQYX37K_Month_5,0
ID_B438SVZW_Month_5,0
ID_QV61GJDW_Month_5,0
ID_OEDL9VFR_Month_5,0
ID_O1BT5V5E_Month_5,0
ID_SGRKZSIL_Month_5,0
ID_ENQ05UQC_Month_5,0
ID_TGXZDTIM_Month_5,0
ID_B8FU1YUL_Month_5,0
ID_RWDCCJZ7_Month_5,0
ID_DCIOBT4K_Month_5,0
ID_H87138JJ_Month_5,0
ID_GKN09FDQ_Month_5,0
ID_ZI8JWTSV_Month_5,0
ID_T7JMQRB8_Month_5,0
ID_TXWUT34T_Month_5,0
ID_D86W2BFX_Month_5,0
ID_1XVA2H4C_Month_5,0
ID_OGJ5LSXH_Month_5,0
ID_G5IGZZQX_Month_5,0
ID_112D1G3D_Month_5,0
ID_S92MLIXT_Month_5,0
ID_4277YCO2_Month_5,0
ID_MZZZXLF4_Month_5,0
ID_J2JB1SHW_Month_5,0
ID_85OVTZQT_Month_5,0
ID_35QPCA7J_Month_5,0
ID_7MIDQA2A_Month_5,0
ID_JVFFT64T_Month_5,0
ID_O2VKRNQW_Month_5,0
ID_4NHP7PDA_Month_5,0
ID_6JG4WG8P_Month_5,0
ID_Z99MVJ91_Month_5,0
ID_WRTYQU99_Month_5,0
ID_PI8N2KJX_Month_5,0
ID_L9AHTUD7_Month_5,0
ID_BB7GLV87_Month_5,0
ID_WB6O1NFS_Month_5,0
ID_99LD9C1B_Month_5,0
